{"type": "block", "layer": 0, "block": 0, "features": [{"geom": {"lines": [[-8986.917968485504, -1544.9691065242514, 55.8755859375, -8971.244184181094, -1539.24233690463, 55.823107910156246, -8169.988753350452, -1246.133752392605, 55.80345611572265, -8102.172919558361, -1224.7440060731024, 56.0900390625, -8086.321024069563, -1219.747291407548, 56.10801544189453, -8028.490548603237, -1201.5092558069155, 55.93656005859375, -8000.560488361865, -1192.7073224671185, 56.1, -7869.337072616443, -1151.3111975090578, 56.3170669555664, -7824.219282995909, -1137.089636998251, 56.41119689941406, -7812.452812820673, -1133.188312499784, 56.446659851074216, -7635.47708635591, -1073.1307318070903, 57.37155303955078, -7469.677836770192, -1011.3622303502634, 56.159234619140626, -6667.364870775491, -713.3137093475088, 56.87080078125, -6619.230322957039, -694.536349227652, 55.93036651611328, -5695.846278773621, -357.7278168592602, 56.55811614990234]]}, "mtl": 0}, {"geom": {"lines": [[-6473.067831544206, -1508.7059006225318, 54.38692932128906, -6378.757958944887, -1748.6894830903038, 54.286486816406246, -6349.347349476069, -1840.5454408228397, 53.9824951171875, -6331.157744683325, -1887.8950363416225, 54.0, -6311.710229638964, -1923.8874552184716, 54.0, -6230.99246686697, -2014.2617099685594, 53.8761245727539, -6148.482460290194, -2126.425796280615, 53.24681854248047, -6072.740678753704, -2220.371829501353, 53.560455322265625, -5958.359901962802, -2374.307143803686, 53.89589080810547, -5902.989587243646, -2451.6483601117507, 53.8699951171875, -5839.036539781839, -2543.822719383985, 53.97302398681641, -5775.094624269754, -2641.8756770938635, 53.94955902099609, -5712.933820612729, -2740.6575535684824, 53.937469482421875, -5629.522126160562, -2868.0095895882696, 53.83829956054687, -5486.24280956015, -3107.6440719598904, 54.3, -5372.730324797332, -3300.0073027452454, 54.45069580078125, -5278.776674568653, -3447.5427771285176, 54.4844970703125, -5211.172347810119, -3543.836080661975, 54.588052368164064, -5163.41628625989, -3610.42608798109, 54.6, -5097.682126946747, -3676.170195993036, 54.3, -4889.4256235696375, -3855.8589744400233, 54.53645324707031, -4777.248972699046, -3951.225105209276, 54.48846588134766, -4657.7697632312775, -4058.4241629587486, 54.742071533203124, -4219.093045860529, -4499.231234231032, 54.30368499755859, -4045.256529038772, -4534.789024555124, 54.57218627929687, -3962.401432041079, -4524.68455815874, 54.37716522216797, -3898.236877547577, -4519.632320070639, 54.48225402832031, -3834.083455003798, -4529.237332654186, 54.735406494140626, -3752.3526848629117, -4552.193264979869, 54.77895812988281, -3150.5038578882813, -4731.285645226948, 55.313969421386716, -2544.413758315146, -4902.517410486937, 55.78075103759765, -2385.4049976672977, -4937.53551626578, 56.29046173095703]]}, "mtl": 0}, {"geom": {"lines": [[-5443.596312638372, -5836.945784505457, 56.293295288085936, -5443.540652893484, -5694.52603799291, 55.8, -5451.299621401355, -5576.88133938238, 55.118971252441405, -5490.116727840155, -5512.977918676101, 55.49533538818359, -5612.534771865234, -5420.4159521581605, 55.5, -5738.002969937399, -5328.755669383332, 55.34385681152344, -5757.706519810483, -5296.505285256542, 55.45553741455078, -5769.65110117197, -5180.660194791853, 55.23713836669922, -5779.747778985649, -5028.086271269247, 55.5, -5755.2574910111725, -4866.846035770141, 54.67549438476562, -5745.761938447133, -4687.410984406248, 54.92268676757812, -5742.177450843155, -4498.097839013673, 54.31409912109375, -5718.2994200680405, -4347.623758886941, 54.61187896728516, -5736.8118513878435, -4240.121290966868, 54.58431701660156, -5692.016888292506, -4034.698333161883, 54.362892150878906, -5690.224644489586, -3813.151323574595, 54.2684326171875, -5706.944832006469, -3684.162428630516, 54.389845275878905, -5613.1915568597615, -3472.7689705919474, 54.043872070312496, -5560.648757208139, -3456.0539847733453, 53.96795196533203, -5495.549118990079, -3459.6275364672765, 54.30308990478515, -5428.668368920684, -3476.9573177667335, 53.821824645996095, -5377.138576634228, -3473.5182622233406, 54.3, -5278.776674568653, -3447.5427771285176, 54.4844970703125]]}, "mtl": 0}, {"geom": {"lines": [[-9753.375475171953, -3991.4914316236973, 53.56436004638672, -9499.29932070896, -3873.7834386322647, 53.605961608886716, -9101.699495442212, -3729.983124068007, 53.56773376464844, -8920.226461552083, -3628.3319021118805, 53.80189819335937, -8701.72856502235, -3433.3638147162274, 53.567230224609375, -8553.629114471376, -3072.675417806022, 53.3747314453125, -8613.352021280676, -2878.0009108893573, 53.349554443359374, -8646.792396314442, -2698.8468979094177, 53.20021362304687, -8657.712838362902, -2513.040408710018, 53.254225158691405, -8099.790682455525, -2193.642770196311, 53.46243896484375, -7988.025913700461, -2134.458043664694, 53.572750854492185, -7823.440046561882, -2065.2420910466462, 53.59704895019531, -7204.303302668035, -1812.9887667261064, 54.00323638916016, -6743.095520362258, -1630.5242395149544, 53.956434631347655, -6473.067831544206, -1508.7059006225318, 54.38692932128906]]}, "mtl": 0}, {"geom": {"lines": [[-9753.375475171953, 9665.23639579583, 0.0, -8822.087198467925, 7666.057231270708, 0.0, -7834.816898521036, 5303.974941424094, 56.56805419921875, -6645.501722784713, 2177.854128691368, 56.1, -6038.253900505602, 632.0626982767135, 56.57119903564453, -5930.619084857404, 355.85676111094654, 57.05109558105469, -5900.796593274921, 265.0909564308822, 57.185540771484376, -5695.846278773621, -357.7278168592602, 56.55811614990234, -5643.80441682972, -486.6754577998072, 56.7334716796875, -5632.8060511387885, -522.8857412189245, 56.55724639892578, -5631.8820993658155, -551.773124220781, 56.38561248779297, -5634.175280876458, -575.1443420639262, 56.02350769042969, -5641.967645231634, -599.8993058819324, 55.70899200439453, -5665.355870246887, -630.1702149733901, 55.473793029785156, -6328.597396394238, -1389.6914530713111, 54.08623352050781, -6391.87139496021, -1447.901716648601, 54.04392700195312, -6473.067831544206, -1508.7059006225318, 54.38692932128906]]},